<?xml version="1.0" encoding="UTF-8" standalone="no"?>
<Canvas xmlns="http://www.jgrasp.org">
  <Language>Java</Language>
  <ShowTypes>false</ShowTypes>
  <Grid>
    <Snap>true</Snap>
    <Show>false</Show>
  </Grid>
  <Scope id="1">
    <Name>main</Name>
    <Signature>([Ljava/lang/String;)V</Signature>
    <DeclaringType>NumberSelectionSortExample</DeclaringType>
    <Depth>0</Depth>
  </Scope>
  <Scope id="0">
    <Name>selectionSort</Name>
    <Signature>([D)V</Signature>
    <DeclaringType>NumberSelectionSortExample</DeclaringType>
    <Depth>1</Depth>
  </Scope>
  <Frame>
    <Bounds>
      <AutoSize>true</AutoSize>
      <X>530</X>
      <Y>430</Y>
      <W>172</W>
      <H>51</H>
    </Bounds>
    <LabelLoc>
      <X>-1</X>
      <Y>16</Y>
      <H>LEFT</H>
      <V>CENTER</V>
      <WO>false</WO>
    </LabelLoc>
    <Viewer>
      <ScopeID>0</ScopeID>
      <Expression>`local double` temp</Expression>
      <ViewerClass>_X_PresentationToStringView</ViewerClass>
    </Viewer>
  </Frame>
  <Frame>
    <Bounds>
      <AutoSize>true</AutoSize>
      <X>350</X>
      <Y>430</Y>
      <W>64</W>
      <H>51</H>
    </Bounds>
    <LabelLoc>
      <X>-1</X>
      <Y>16</Y>
      <H>LEFT</H>
      <V>CENTER</V>
      <WO>false</WO>
    </LabelLoc>
    <Viewer>
      <ScopeID>0</ScopeID>
      <Expression>`local int` scan</Expression>
      <ViewerClass>_X_PresentationToStringView</ViewerClass>
    </Viewer>
  </Frame>
  <Frame>
    <Bounds>
      <AutoSize>false</AutoSize>
      <X>40</X>
      <Y>50</Y>
      <W>648</W>
      <H>198</H>
    </Bounds>
    <Viewer>
      <ScopeID>1</ScopeID>
      <Expression>`local double[]` ia</Expression>
      <ViewerClass>java__lang__Object_BarGraphView</ViewerClass>
    </Viewer>
  </Frame>
  <Frame>
    <Bounds>
      <AutoSize>true</AutoSize>
      <X>90</X>
      <Y>430</Y>
      <W>64</W>
      <H>51</H>
    </Bounds>
    <LabelLoc>
      <X>-1</X>
      <Y>16</Y>
      <H>LEFT</H>
      <V>CENTER</V>
      <WO>false</WO>
    </LabelLoc>
    <Viewer>
      <ScopeID>0</ScopeID>
      <Expression>`local int` index</Expression>
      <ViewerClass>_X_PresentationToStringView</ViewerClass>
    </Viewer>
  </Frame>
  <Frame>
    <Bounds>
      <AutoSize>true</AutoSize>
      <X>220</X>
      <Y>430</Y>
      <W>64</W>
      <H>51</H>
    </Bounds>
    <LabelLoc>
      <X>-1</X>
      <Y>16</Y>
      <H>LEFT</H>
      <V>CENTER</V>
      <WO>false</WO>
    </LabelLoc>
    <Viewer>
      <ScopeID>0</ScopeID>
      <Expression>`local int` min</Expression>
      <ViewerClass>_X_PresentationToStringView</ViewerClass>
    </Viewer>
  </Frame>
  <Frame>
    <Bounds>
      <AutoSize>false</AutoSize>
      <X>80</X>
      <Y>270</Y>
      <W>748</W>
      <H>145</H>
    </Bounds>
    <Viewer>
      <ScopeID>1</ScopeID>
      <Expression>`local double[]` ia</Expression>
      <ViewerClass>java__lang__Object_LinkedView</ViewerClass>
      <ViewerData>
        <StructureData>
          <Type>Array</Type>
          <SzExp>_struct_.length</SzExp>
          <ElementExp>_struct_[_index_]</ElementExp>
          <IndexExp>index#min#scan</IndexExp>
        </StructureData>
        <ViewData>
          <Width>59</Width>
        </ViewData>
      </ViewerData>
    </Viewer>
  </Frame>
  <Size>
    <W>864</W>
    <H>672</H>
  </Size>
</Canvas>
