<?xml version="1.0" encoding="UTF-8" standalone="no"?>
<Canvas xmlns="http://www.jgrasp.org">
  <Language>Java</Language>
  <Grid>
    <Snap>true</Snap>
    <Show>false</Show>
  </Grid>
  <Scope id="0">
    <Name>main</Name>
    <Signature>([Ljava/lang/String;)V</Signature>
    <DeclaringType>ComponentExample</DeclaringType>
    <Depth>0</Depth>
  </Scope>
  <Frame>
    <Bounds>
      <AutoSize>false</AutoSize>
      <X>90</X>
      <Y>70</Y>
      <W>688</W>
      <H>308</H>
    </Bounds>
    <Viewer>
      <ScopeID>0</ScopeID>
      <Expression>`local javax.swing.JFrame` frame</Expression>
      <ViewerClass>java__awt__Component_ComponentView</ViewerClass>
    </Viewer>
  </Frame>
  <Size>
    <W>960</W>
    <H>600</H>
  </Size>
</Canvas>
